product_id,total_orders,total_items_sold,total_product_revenue,avg_item_price
bb50f2e236e5eea0100680137654686c,186,194,63560.0,327.63
6cdd53843498f92890544667809f1595,148,153,53652.3,350.67
d6160fb7873f184099d9bc95e30376af,33,33,45949.35,1392.4
d1c427060a0f73f6b889a5c7c61f2ac4,313,332,45620.56,137.41
99a4788cb24856965c36a24e339b6058,456,477,42049.66,88.15
3dd2a17168ec895c781a9191c1e95ad7,253,272,40782.8,149.94
25c38557cf793876c5abdd5931f922db,38,38,38907.32,1023.88
5f504b3a1c75b73d6151be81eb05bdc9,63,63,37733.9,598.95
53b36df67ebb7c41585e8d54d6772e08,304,321,37454.63,116.68
aca2eb7d00ea1a7b8ebd4e68314663af,425,520,37104.3,71.35
